sortOrder,titulo,categorias,referencia,preco,id,
0,Adaptador Angular 90º - AA090,Acessórios para Reposição,CMIAA090,,product-1781,
10,Armação Plus - Suporte p/ Aplicador de Cera ou Mop Pó 40 cm - AL400,Acessórios,CMIAL400,,product-1533,
20,Armação Plus - Suporte p/ Mop Pó 60 cm - AL600,Acessórios,CMIAL600,,product-1535,
30,Armação Profi - Suporte p/ Mop Pó - AP1200,Acessórios,CMIAP1200,,product-1587,
40,Armação Profi - Suporte p/ Mop Pó - AP600,Acessórios,CMIAP600,,product-1585,
50,Bac Mop Profissional,Variedades,CMIBMPF,,product-143,
60,Balde 15 Litros - BA15xx,Baldes,CMIBA15xx,,product-241,
70,Balde 25 Litros - BA25xx,Baldes,CMIBA25xx,,product-243,
80,Balde 4 Litros - BA04xx,Baldes,CMIBA04xx,,product-239,
90,Balde com Tela Plástica e Tampa para Fechamento,Equipamentos de Limpeza / Baldes,CMIBF200,,product-291,
100,Balde Espremedor 2 Águas 33L - BE33PF,Baldes,CMIBE33PF,,product-1809,
110,Balde Espremedor Doblô 20L Standard B20S,Equipamentos de Limpeza / Baldes,CMIB20S,,product-321,
120,Balde Espremedor Doblô 30 Litros NY108,Equipamentos de Limpeza / Baldes,CMINY108,,product-221,
130,Balde Espremedor Doblô Flex 20 Litros B20F,Equipamentos de Limpeza / Baldes,CMIB20F,,product-315,
140,Balde Mopinho 12 Litros - Azul - BE50AZ,Baldes,CMIBE50AZ,,product-249,
150,"Balde Plástico com Centrífuga em Inox, Mop e Cabo 360º Mop Pro 380898",Equipamentos de Limpeza / Baldes,CMI380898,,product-727,
160,"Cabo de Alumínio Estriado com Rosca 1,40m - Azul",Cabos,CMICE140,,product-1723,
170,"Cabo de Alumínio Fosco com Ponteira 1,40m",Cabos,CMICP140,,product-1753,
180,"Cabo de Alumínio Liso Fosco sem Rosca 1,40m",Cabos,CMICL140,,product-1553,
190,Carro Arrumadeira Bolonha,Equipamentos de Limpeza,CMINY215,,product-175,
200,Carro Bancada NY102,Equipamentos de Limpeza,CMINY102,,product-219,
210,Carro Bandeja NY103,Equipamentos de Limpeza,CMINY103,,product-285,
220,Carro Cuba 400L + Tampa,Carro Cuba,CMICT400,,product-199,
230,Carro Cuba 400L C400,Equipamentos de Limpeza / Carro Cuba,CMIC400,,product-193,
240,Carro Cuba com Estrutura Metálica,Equipamentos de Limpeza / Carro Cuba,CMIEM,,product-257,
250,Carro Cuba com Estrutura Metálica + Tampa Bi Partida,Carro Cuba,CMIEMT,,product-203,
260,Carro de Limpeza Guard Hospitalar Hosp 100 - Comali,Carro Prateleira,CMIHOSP100,,product-1379,
270,Carro de Limpeza Guard Hospitalar Hosp 101 - Comali,Carro Prateleira,CMIHOSP101,,product-1381,
280,Carro de Limpeza Guard Hospitalar Hosp 102 - Comali,Carro Prateleira,CMIHOSP102,,product-1383,
290,Carro Extra I Aberto C/ 1 Bolsa - Amarela CE01AM,Equipamentos de Limpeza,CMICE01AM,,product-179,
300,Carro Extra I C/ Fechamento Lateral C/ 1 Bolsa Amarela CH01AM,Equipamentos de Limpeza,CMICH01AM,,product-183,
310,Carro Extra I C/ Fechamento Lateral C/ 1 Bolsa e Portas - Amarela CA01AM,Equipamentos de Limpeza,CMICA01AM,,product-185,
320,Carro Extra II Aberto C/ 2 Bolsas - Amarela CEAMAM,Equipamentos de Limpeza,CMICEAMAM,,product-187,
330,Carro Extra II C/ Fechamento Lateral C/ 2 Bolsas - Amarela CHAMAM,Equipamentos de Limpeza,CMICHAMAM,,product-189,acessórios
340,Carro Extra II C/ Fechamento Lateral C/ 2 Bolsas e Portas - Amarela CAAMAM,Equipamentos de Limpeza,CMICAAMAM,,product-191,
350,Carro Extra Triplex 3 prateleiras sem fechamento CE3000,Equipamentos de Limpeza,CMICE3000,,product-171,
360,Carro Extra Triplex Com Fechamento CH3000,Equipamentos de Limpeza,CMICH3000,,product-937,
370,Carro Extra Triplex Com Fechamento Lateral e Portas CA3000,Equipamentos de Limpeza,CMICA3000,,product-177,
380,Carro Funcional / Carrinho de Limpeza c/ Bolsa,Carro Funcional,CMICFP250,,product-723,
390,Carro Funcional América Carrinho de Limpeza com Bolsa de Vinil Amarela CF2005,Equipamentos de Limpeza / Carro Funcional,CMICF2005,,product-2015,
400,Carro Funcional América PAN CF200P,Equipamentos de Limpeza / Carro Funcional,CMICF200P,,product-1333,
410,Carro Funcional Guard - Carrinho de Limpeza com fechamento - Amarela - CÓD GUARDAM,Equipamentos de Limpeza / Carro Funcional,CMIGUARDAM,,product-313,
420,Carro Funcional NY Master/Compaq NY100,Equipamentos de Limpeza / Carro Funcional,CMINY100,,product-207,
430,Carro Strong Com Fechamento Lateral 4 Bandejas CH4000,Equipamentos de Limpeza,CMICH4000,,product-209,
440,Carro Strong Com Fechamento Lateral 5 Bandejas CH5000,Equipamentos de Limpeza,CMICH5000,,product-215,
450,Carro Strong Fechamento Lateral e Porta com chave - 5 Bandejas CA5000,Equipamentos de Limpeza,CMICA5000,,product-217,
460,Carro Strong Fechamento Lateral e Porta Com chave 4 Bandejas CA4000,Equipamentos de Limpeza,CMICA4000,,product-213,
470,Carro Strong sem Fechamento 4 Bandejas CE4000,Equipamentos de Limpeza,CMICE4000,,product-211,
480,Carro Strong Sem Fechamento 5 Bandejas CE5000,Equipamentos de Limpeza,CMICE5000,,product-1749,
490,Cesto Aço Inox Porta Guarda Chuva - 25 Litros,Lixeiras e Contentores,CMIKITINOXGUARD,,product-1815,
500,Cesto de inox - Porta Guarda-chuva,Lixeiras e Contentores,CMI2183,,product-2183,
510,Cesto de Lixo 14 litros sem tampa nas Cores da Coleta Seletiva,Lixeiras e Contentores / Coleta Seletiva,CMICV30,,product-147,
520,Cesto para Lixo 14 Litros sem Tampa,Lixeiras e Contentores,CMICL24,,product-1309,
530,Cesto para Lixo 23 Litros sem Tampa CL51,Lixeiras e Contentores,CMICV51,,product-165,
540,Cesto para Lixo em Aço Inox com Aro Plástico 7L,Lixeiras e Contentores / Lixeiras Inox,CMI3545,,product-1301,
550,Cesto Porta Guarda Chuva Inox Metal - 25 Litros MSP741,Lixeiras e Contentores,CMIMSP741,,product-1865,
560,Cesto Porta Guarda-chuva Inox Perfurado,Lixeiras e Contentores,CMI3547,,product-1299,
570,Cinzeiro bituqueira de inox,Lixeiras e Contentores / Cinzeiros e Bituqueiras / Lixeiras Inox,CMI2189,,product-2189,
580,Coleta Seletiva Papeleira DINA - conjunto com 4 lixeiras + suporte,Lixeiras e Contentores / Lixeiras Plástico / Coleta Seletiva,CMIDINAKIT,,product-1813,
590,Conjunto 2 Lixeiras Coleta Seletiva + Base + Tampa,Lixeiras e Contentores / Lixeiras Plástico / Coleta Seletiva,CMICOMALI02SR,,product-327,
610,CONJUNTO 3 LIXEIRAS COLETA SELETIVA + BASE + TAMPA,Lixeiras e Contentores,CMI2093,,product-2093,
600,Conjunto 3 Lixeiras Coleta Seletiva + Base + Tampa,Lixeiras Plástico,CMICOMALI09,,product-1789,
620,Conjunto Balde Espremedor Doblô 50 litros NY104,Equipamentos de Limpeza / Baldes / Acessórios,CMINY104,,product-231,
630,Conjunto Coleta Seletiva 4 lixeiras 50 Litros com Suporte Metálico,Lixeiras e Contentores / Lixeiras Plástico / Coleta Seletiva,CMIKTLX50PL,,product-1519,
640,Conjunto Coleta Seletiva 4 Lixeiras 50 Lts e Base com Rodas,Lixeiras e Contentores / Lixeiras Plástico / Coleta Seletiva,CMICOMALI04CR,,product-1877,
650,Conjunto Coleta Seletiva 4 Lixeiras 50 Lts e Base sem Rodas,,CMICOMALI04SR,,product-129,
660,Conjunto Coleta Seletiva c/ 4 Lixeiras de 50 Litros + Base (Com rodas ou Sem rodas),Lixeiras e Contentores,CMI2081,,product-2081,
670,Conjunto de 2 lixeiras para Coleta Seletiva com tampa e módulo,Lixeiras e Contentores / Lixeiras Plástico / Coleta Seletiva,CMILS52,,product-2095,
680,"Conjunto de Limpeza Mopinho - Balde, Mop (bruxa) e Cabo",Baldes,CMICJ50AZ,,product-311,
690,Container de Lixo Hospitalar 1000 Litros C/Pedal Branco,Com Pedal,CMICP1000H,,product-195,
700,Contentor de Lixo 1000 Litros COM PEDAL,Lixeiras e Contentores / Com Pedal,CMICP1000,,product-115,
710,Contentor de Lixo 1000 Litros SEM PEDAL,Lixeiras e Contentores / Sem Pedal,CMIC1000,,product-1525,
720,Contentor de lixo 120 Litros,Lixeiras e Contentores,CMIC120-,,product-141,
730,Contentor de lixo 120 litros com Pedal,Lixeiras e Contentores / Com Pedal,CMICP12,,product-2017,
740,Contentor de Lixo 120 Litros COM PEDAL,Lixeiras e Contentores / Com Pedal,CMICP120,,product-121,
750,Contentor de Lixo 120 litros SEM PEDAL,Lixeiras e Contentores / Sem Pedal,CMIC120,,product-1527,
760,Contentor de Lixo 240 litros,Lixeiras e Contentores,CMIC240-,,product-293,
770,Contentor de lixo 240 Litros COM PEDAL,Lixeiras e Contentores / Com Pedal,CMICP240,,product-123,
780,Contentor de Lixo 240 Litros com Pedal,Lixeiras e Contentores / Com Pedal,CMICP24,,product-2019,
790,Contentor de lixo 240 litros SEM PEDAL,Lixeiras e Contentores / Sem Pedal,CMIC240,,product-127,
800,Contentor de Lixo 360 Litros COM PEDAL,Lixeiras e Contentores / Com Pedal,CMICP360,,product-125,
810,Contentor de Lixo 360 Litros SEM PEDAL,Lixeiras e Contentores / Sem Pedal,CMIC360,,product-805,
820,Contentor de Lixo 700 Litros COM PEDAL,Lixeiras e Contentores / Com Pedal,CMICP700,,product-155,
830,Contentor de lixo 700 litros SEM PEDAL,Lixeiras e Contentores / Sem Pedal,CMIC700,,product-119,
840,Contentor de Lixo Hospitalar 660 litros c/Pedal,Com Pedal,CMICP700H,,product-29,
850,Contentor Hospitalar 120 litros c/Pedal (coletor de resíduos) Branco,Com Pedal,CMICP120H,,product-27,
860,Contentor Hospitalar 240 litros c/Pedal (coletor de resíduos) Branco,Com Pedal,CMICP240H,,product-31,
870,Contentor Hospitalar 360 litros c/ c Pedal Branco,Com Pedal,CMICP360H,,product-35,
880,CÓPIA - Lixeira Inox coleta seletiva - redonda com tampa basculante,Lixeiras e Contentores / Lixeiras Inox,CMI2195,,product-2195,
890,Desinfetante Concentrado 5L Marine,Produtos Químicos Concentrados,CMI3795,,product-2029,
900,Detergente e Desincrustante Alcalino Clorado Concentrado Espuma Clor 1L,Produtos Químicos Concentrados,CMI3295,,product-2035,
910,Detergente e Desincrustante Alcalino Clorado Concentrado Espuma Clor 5 Litros,Produtos Químicos Concentrados,CMI3290,,product-1773,
920,Detergente Multiuso Concentrado 1L - 1000 Plus,Produtos Químicos Concentrados,CMI2062,,product-2037,
930,Detergente Multiuso NEUTRO Concentrado - 1000 Plus,Produtos Químicos Concentrados,CMI2067,,product-2025,
940,Dispenser 3x1 - Higiênico Rolinho - Cai Cai - Toalha Interfolhas,Dispensers,CMIDIMMT,,product-1389,
950,Dispenser Copo Água 180/200ml em Aço com Pintura Epoxi Branco,Dispenser Copos / Dispensers,CMIAUR180,,product-339,
960,Dispenser Copo Café 50ml em Aço c/ Pintura em Epoxi Branco - AUR50,Dispensers / Dispenser Copos,CMIAUR50,,product-337,
970,Dispenser de Água com Regulador de Saída,Dispenser Copos,CMIDPCD,,product-2031,
980,Dispenser de Fio de Dental Biofio,Dispensers / Dispenser Plástico,CMI1621,,product-415,
990,Dispenser De Papel Higiênico com suporte para cadeado 400m Em Aço com Pintura Epóxi,Dispensers,CMI1093,,product-1757,
1000,Dispenser Múltiplo para Papel Toalha Interfolhado ou Higiênico Cai Cai - Urban Glass Azul,Dispenser Plástico,CMIC19286,,product-57,
1010,Dispenser Múltiplo para Papel Toalha Interfolhado ou Higiênico Cai Cai Urban C19284,Dispensers / Papel Toalha Interfolhado / Dispenser Plástico,CMIC19284,,product-113,
1020,Dispenser p/ Papel Higiênico Rolão Linha Preto - 19634,Papel Higiênico Rolão,CMIC19634,,product-95,
1030,Dispenser p/ Papel Toalha Bobina Autocorte,Papel Toalha Bobina,CMILITB200,,product-429,
1040,Dispenser p/ Papel Toalha Interfolhado 2 ou 3 Dobras em Aço Inox - TI2825I,Papel Toalha Interfolhado,CMITI2825I,,product-345,
1050,Dispenser p/ Papel Toalha Interfolhado 2 ou 3 Dobras em Epoxi Branco,Papel Toalha Interfolhado,CMI2825,,product-335,
1060,Dispenser Papel Higiênico Rolão,Dispensers / Papel Higiênico Rolão / Dispenser Plástico,CMIC19650,,product-445,
1070,Dispenser Papel Higiênico Rolão 800 mts Aço Inox C/ Suporte p/ Cadeado 598C,Dispensers / Papel Higiênico Rolão,CMI598C,,product-343,
1080,Dispenser Papel Higiênico Rolão aço inox 400m 596,Dispensers / Papel Higiênico Rolão,CMI596,,product-797,
1090,Dispenser Papel Higiênico Rolão aço inox 400m com suporte p/ Cadeado 596C,Dispensers / Papel Higiênico Rolão,CMI596C,,product-1373,
1100,Dispenser Papel Toalha,Dispensers / Dispenser Plástico,CMIC19533,,product-105,
1110,Dispenser para Copos DE ÁGUA Descartáveis em Aço Inox,Dispensers / Dispenser Copos,CMIMSP058,,product-1847,
1120,Dispenser para Copos de ÁGUA Poupa Copos (150/180/200ml) - 28988,Dispensers / Dispenser Plástico / Dispenser Copos,CMI28988,,product-1259,
1130,Dispenser para Copos de Café com Regulador de Saída,Dispenser Copos / Dispenser Plástico,CMIDPCAF,,product-2033,
1140,Dispenser para Copos DE CAFÉ Descartáveis 50ml em Inox,Dispensers / Dispenser Copos,CMIMSP059,,product-1845,
1150,Dispenser para Copos Descartáveis em Acrílico - Água,Dispensers / Dispenser Copos,CMIMSP025,,product-1851,
1160,Dispenser para copos descartáveis em acrílico - Café - MSP026,Dispenser Copos / Dispensers,CMIMSP026,,product-1849,
1170,Dispenser para Fio Dental + Refil,Dispenser Plástico,CMIMFPERS.MF400,,product-737,
1180,Dispenser para Fio Dental Personal,Dispensers,CMImfpers,,product-1329,
1190,Dispenser para Papel Higiênico Rolão 400m em Aço com Pintura Epoxi Branco,Papel Higiênico Rolão / Dispensers,CMI595,,product-333,
1200,Dispenser para Papel Higiênico Rolão Dark,Dispenser Plástico / Papel Higiênico Rolão,CMIC19434,,product-75,
1210,Dispenser para Papel Toalha Interfolhado Dark,Dispenser Plástico / Papel Toalha Interfolhado,CMIC19530,,product-87,
1220,Dispenser para Papel Toalha Interfolhado ou Higienico Cai Cai - Urban Glass Verde,Papel Toalha Interfolhado,CMIC19285,,product-51,
1230,Dispenser para Sabonete Líquido 400ml Compacta Urban,Dispensers / Sabonete Líquido / Dispenser Plástico,CMIC19302,,product-1523,
1240,Dispenser para Sabonete Líquido 400ml Cristal Infinity Midy Box,Sabonete Líquido,CMILICL400,,product-1631,
1250,Dispenser para Sabonete Líquido com Reservatório Dark,Dispenser Plástico / Sabonete Líquido,CMIC19423C19120,,product-71,
1260,Dispenser Poupa Copos p/ Copos de Café Descartáveis 50 ml 32324,Dispenser Copos / Dispenser Plástico / Dispensers,CMI32298,,product-1263,
1270,Dispenser Sabonete Líquido ou Álcool Gel C19428,Dispensers / Sabonete Líquido / Dispenser Plástico,CMIC19428,,product-109,
1280,Embalador de Guarda Chuva em Inox,Dispensers,CMI17124,,product-1765,
1290,Embalador de Guarda Chuva em Inox,Dispensers,CMI2193,,product-2193,
1300,Escova Aérea p/ Tubo - ET603,Acessórios para Reposição,CMIET603,,product-1779,
1310,Escova Suporte LT Limpeza Pesada,Acessórios,CMISE60xx,,product-277,
1320,Escova Suporte LT Macia,Acessórios,CMISE70xx,,product-279,
1330,Espanador Eletrostático Cabo Simples,Acessórios,CMIEE605AZ,,product-145,
1340,Estrutura Metálica para Fixação de Coletores 50L,,CMIETM50,,product-1327,
1350,Extensão Telescópica,Cabos,CMIEX,,product-331,
1360,Guia Removível GRXXX,Acessórios,CMIGRXXX,,product-1871,
1370,"Haste Euro p/ Mop Úmido Garra em Plástico Azul c/ Cabo de Aluminio Fosco 1,40cm",Acessórios,CMIHE211,,product-1551,
1380,indisponivel ls52,,CMILS52,,product-153,
1390,Kit Balde Espremedor Doblô Flex 20 Litros,Equipamentos de Limpeza / Baldes,CMI2129,,product-2129,
1400,Kit de Dispenser em aço inox - LINHA NOBLE,Dispenser Inox,CMIKT3,,product-1763,
1410,Kit de Dispenser em aço inox - LINHA NOBLE - saboneteira Slim,Dispensers,CMI2187,,product-2187,
1420,Kit de Dispenser em aço inox - Linha Quadra,Dispenser Inox,,,product-2185,
1430,Kit de Dispenser Plástico Linha Ag+ Rolão,Dispenser Plástico,CMIKTAGRMAIS,,product-1405,
1440,Kit Dispenser Linha Ag+ Cai Cai,Dispenser Plástico,CMIKTAGMAIS,,product-1401,
1450,Kit Master p/ Limpeza de Vidros,,CMIKT903,,product-297,
1460,Kit Plus p/ Limpeza de Vidros,Equipamentos de Limpeza,CMIKT904,,product-299,
1470,Kit Profissional - Balde Espremedor Completo para Limpeza NYKT01 - KIT 1,Equipamentos de Limpeza / Baldes,CMINYKT01,,product-309,
1480,Kit Profissional Balde Espremedor 50L Completo para Limpeza NYKT02 - KIT 2,Equipamentos de Limpeza / Baldes,CMINYKT02,,product-307,
1490,Kit Profissional Carrinho de Limpeza Completo NYKT03 KIT 3,Equipamentos de Limpeza,CMINYKT03,,product-1821,
1500,Kit Profissional para Limpeza de Vidros,,CMIkt901,,product-1755,
1510,Lâminas 4 cm p/ Raspador de Segurança -10 unidades - LR801,Acessórios,CMILR801,,product-1577,
1520,Lâminas p/ Raspadores 10cm Multiuso - 10 unidades - LR800A,Acessórios,CMILR800A,,product-1725,
1530,Limpador de Vidros,,CMILCXXX,,product-1607,
1540,Lixeira 100 Litros com Pedal e Rodas,Lixeiras e Contentores / Lixeiras Plástico / Com Pedal,CMICP11,,product-675,
1550,Lixeira 100 Litros com Pedal sem rodas,Lixeiras e Contentores / Lixeiras Plástico / Com Pedal,CMICP10,,product-319,
1560,Lixeira 100 Lts com Pedal,Lixeiras e Contentores / Lixeiras Plástico / Com Pedal,CMILPF100,,product-701,
1570,Lixeira 15 litros com pedal em inox ESCOVADO - Marca,Lixeiras e Contentores / Com Pedal / Lixeiras Inox,CMI183,,product-387,
1580,Lixeira 15 Litros com Pedal em plástico,Lixeiras e Contentores / Lixeiras Plástico / Com Pedal,CMICP15,,product-131,
1590,Lixeira 15 Litros em Aço Inox com Pedal e Recipiente Plástico,Lixeiras e Contentores / Com Pedal / Lixeiras Inox,CMI3585,,product-1295,
1600,Lixeira 23 Litros em plástico redonda sem tampa,Lixeiras e Contentores / Lixeiras Plástico,CMICL51,,product-1311,
1610,Lixeira 30 litros com Pedal em inox ESCOVADO,Lixeiras e Contentores / Com Pedal / Lixeiras Inox,CMI181,,product-389,
1620,Lixeira 30 Lts com Pedal,Lixeiras e Contentores / Lixeiras Plástico / Com Pedal,CMICP30,,product-151,
1630,Lixeira 35 Lts com Pedal,Lixeiras e Contentores / Lixeiras Plástico / Com Pedal,CMILPF35,,product-717,
1640,Lixeira 50 litros + suporte para coleta seletiva DINA,Lixeiras e Contentores / Lixeiras Plástico / Coleta Seletiva,CMIDINAKIT2,,product-1819,
1650,Lixeira 50 Litros com Suporte para Coleta Seletiva LS5P,Lixeiras e Contentores / Lixeiras Plástico / Coleta Seletiva,CMILS5P,,product-1337,
1660,Lixeira 50 Lts com Pedal,Lixeiras e Contentores / Lixeiras Plástico / Com Pedal,CMILPF50,,product-713,
1670,Lixeira 60 Litros com Pedal,Lixeiras e Contentores / Lixeiras Plástico / Com Pedal,CMICP60,,product-303,
1680,Lixeira Aço Inox 15 Litros,Lixeiras e Contentores / Lixeiras Inox,CMIMSP380,,product-1859,
1690,Lixeira Cesto Porta Guarda Chuva 23 Litros COM ADESIVO GUARDA CHUVA,Lixeiras e Contentores / Lixeiras Plástico,CMICL51GUARD,,product-1345,
1700,Lixeira Cesto Quadrado 100 Lts com Tampa Basculante CD11,Lixeiras e Contentores / Lixeiras Plástico,CMICD11,,product-301,
1710,Lixeira Cesto Quadrado 60 Lts c/ Tampa Basculante CV61,Lixeiras e Contentores / Lixeiras Plástico,CMICV61,,product-149,
1720,Lixeira Cinzeiro com Aro de Alumínio CZ51,Lixeiras e Contentores / Cinzeiros e Bituqueiras,CMICZ51,,product-161,
1730,Lixeira Cinzeiro Inox Aro esmaltado preto 25 Litros MSP570,Lixeiras e Contentores / Cinzeiros e Bituqueiras / Lixeiras Inox,CMIMSP570,,product-739,
1740,Lixeira Cinzeiro Inox Aro Inox 25lts MSP555,Lixeiras e Contentores / Cinzeiros e Bituqueiras / Lixeiras Inox,CMIMSP555,,product-1899,
1750,"Lixeira em Aço Inox 10,5L com Pedal e Recipiente Interno",Lixeiras e Contentores / Com Pedal / Lixeiras Inox,CMI3567,,product-1811,
1760,"Lixeira em Aço Inox com Pedal e Recipiente Plástico - 4,5L",Lixeiras e Contentores / Com Pedal / Lixeiras Inox / Lixeiras Plástico,CMI3505,,product-1293,
1770,Lixeira em plástico 23 Lts c/Tampa Aro Inox,Lixeiras e Contentores / Lixeiras Inox / Lixeiras Plástico,CMICL51PR+MSP363,,product-1369,
1780,Lixeira Inox 25 litros 24Dx50A Aldinox MSP382,Lixeiras e Contentores / Lixeiras Inox,CMIMSP382,,product-1863,
1790,Lixeira Inox 50L com Fundo de Plástico,Lixeiras e Contentores / Lixeiras Inox,CMIMSP388,,product-1869,
1800,Lixeira Inox c/ Tampa Aro - de 15L a 100L,Lixeiras e Contentores / Lixeiras Inox,CMI2177,,product-2177,
1810,Lixeira Inox c/ Tampa Basculante - de 15L a 100L,Lixeiras e Contentores / Lixeiras Inox,CMI2133,,product-2133,
1820,Lixeira Inox c/ Tampa Flip Top Basculante Inox - de 10L a 50L,Lixeiras e Contentores / Lixeiras Inox,CMI2103,,product-2103,
1830,Lixeira Inox coleta seletiva - redonda com pedal,Lixeiras e Contentores / Com Pedal / Lixeiras Inox,CMI2191,,product-2191,
1840,Lixeira Inox com pedal - de 15L a 100L,Lixeiras e Contentores / Com Pedal / Lixeiras Inox,CMI2131,,product-2131,
1850,Lixeira Inox Quadrada c/ Pedal - de 15L a 120L,Lixeiras e Contentores / Com Pedal / Lixeiras Inox,CMI2181,,product-2181,
1860,Lixeira Inox Quadrada c/ Tampa Aro - de 15L a 100L,Lixeiras e Contentores / Lixeiras Inox,CMI2137,,product-2137,
1870,Lixeira Inox Quadrada c/ Tampa Basculante - de 15L a 100L,Lixeiras e Contentores / Lixeiras Inox,CMI2139,,product-2139,
1880,Lixeira inox quadrada para Copos Descartáveis,Lixeiras e Contentores / Lixeiras Inox,CMI1823,,product-1823,
1890,Lixeira Inox Redonda com Pedal 30 Litros MSP376,Lixeiras e Contentores / Com Pedal / Lixeiras Inox,CMIMSP376,,product-1867,
1900,Lixeira inox redonda para Copos Descartáveis Inox,Lixeiras e Contentores / Lixeiras Inox,CMI1825,,product-1825,
1910,Lixeira Inox sem tampa - de 10L a 50L,Lixeiras e Contentores / Lixeiras Inox,CMI2105,,product-2105,
1920,Lixeira Inox sem tampa - de 15L a 100L,Lixeiras e Contentores / Lixeiras Inox,CMI2179,,product-2179,
1930,Lixeira Papacopo Água Água PP22,Lixeira para Copos,CMIPP22,,product-1273,
1940,Lixeira Papacopo Água Café PP21,Lixeira para Copos,CMIPP21,,product-1275,
1950,Lixeira Papacopo Água PP2,Lixeira para Copos,CMIPP2,,product-1277,
1960,Lixeira Papacopo Café Café PP11,Lixeira para Copos,CMIPP11,,product-1281,
1970,Lixeira Papacopo Café PP1,Lixeira para Copos,CMIPP1,,product-1279,
1980,Lixeira para copos de café descartáveis Preta,Lixeira para Copos,CMIMSP261,,product-1891,
1990,Lixeira para copos de café e água descartáveis Preta,Lixeira para Copos,CMIMSP259,,product-1839,
2000,Lixeira Plástico 17 Litros com Pedal Branca LPF17,Lixeiras e Contentores / Lixeiras Plástico / Com Pedal,CMILPF17BR,,product-703,
2010,Lixeira plástico para coleta seletiva DINA 50 Litros,Lixeiras e Contentores / Lixeiras Plástico / Coleta Seletiva,CMIDINA,,product-1363,
2020,Lixeira Redonda c/ Tampa p/ Copos Descartáveis Água e Café Preta,Lixeira para Copos,CMICL51PR+MSP529,,product-741,
2030,Lixeira Redonda c/ Tampa para Copos de Água Descartáveis Branca,Lixeira para Copos,CMICL51BR+MSP513,,product-743,
2040,Lixeira retangular para coleta Seletiva 50 Litros com alça,Lixeiras e Contentores / Lixeiras Plástico / Coleta Seletiva,CMILS52,,product-2085,
2050,Mão Mecânica 75cm Azul - MM75AZ,Acessórios,CMIMM75AZ,,product-1733,
2060,Mop Profissional Spray Pro,Equipamentos de Limpeza,CMIPSM85,,product-731,
2070,Organizador de Acessórios c/ 3 clips - OA03AZ,Acessórios,CMIOA03AZ,,product-1729,
2080,Organizador de Acessórios com 6 Clips,Acessórios,CMIOA06AZ,,product-1605,
2090,Pá Coletora POP plástica com cabo de alumínio - Azul,Acessórios,CMIPP555AZ,,product-295,
2100,"Placa Sinalizadora ""Banheiro Fora de Uso""",Placas de Sinalização,CMIPL2002,,product-275,
2110,"Placa Sinalizadora ""Piso Molhado"" Compacta",Equipamentos de Limpeza / Placas de Sinalização,CMIPL2000,,product-273,
2120,Placa sinalizadora Cuidado piso molhado - 380056,Placas de Sinalização,CMI380056,,product-719,
2130,Plataforma de Elevação para Carro Cuba 400L,Carro Cuba,CMICP400,,product-201,
2140,Porta Copos de Café Descartáveis em Acrílico,Dispenser Plástico / Dispensers / Dispenser Copos,CMIMSP028,,product-1835,
2150,Porta Copos de Parede Inox Cristal - Água,Dispenser Copos / Dispenser Inox,CMIMSP027,,product-1893,
2160,Porta Copos para Balcão Duplo Água/Café,Dispenser Copos,CMIMSP010A,,product-1897,
2170,Porta Luvas Inox Escovado,Acessórios,CMI976,,product-2047,
2180,Porta Luvas Plástico Branco,Acessórios,CMI10.07,,product-1623,
2190,Porta Papel Higiênico Cai Cai - Linha Hígia,Dispensers / Dispenser Plástico,CMI6006,,product-2201,
2200,Porta Papel Higiênico Cai Cai -Linha AG+,Dispensers / Dispenser Plástico,CMI1069,,product-407,
2210,Porta Papel Higiênico Cai Cai Aço Inox ESCOVADO - Linha Noble,Dispensers,CMI1054,,product-363,
2220,Porta Papel Higiênico Cai Cai Aço Inox ESCOVADO - Linha Quadra,Dispensers,CMI5489,,product-2171,
2230,Porta Papel Higiênico Cai Cai Aço Inox POLIDO - Linha Ideal,Dispensers,CMI832,,product-405,
2240,Porta Papel Higiênico Cai Cai Aço Inox POLIDO - Linha Quadra,Dispensers,CMI5471,,product-2173,
2250,Porta Papel Higiênico Cai Cai Aço Inox POLIDO- Linha Visium,Dispensers,CMI13.06,,product-1761,
2260,Porta Papel Higiênico Rolão - Linha AG+,Dispensers / Papel Higiênico Rolão / Dispenser Plástico,CMI1071,,product-409,
2270,Porta Papel Higiênico Rolão - Linha Hígia,Dispensers / Papel Higiênico Rolão / Dispenser Plástico,CMI6003,,product-2203,
2280,Porta Papel Higiênico Rolão aço inox ESCOVADO - Linha Noble,Dispensers / Papel Higiênico Rolão,CMI1028,,product-369,
2290,Porta Papel Higiênico Rolão Aço Inox POLIDO - Linha Visium,Dispensers / Papel Higiênico Rolão,CMI13.02,,product-399,
2300,Raspador de Segurança 4 cm,Acessórios,CMIRV040,,product-1601,
2310,Raspador Multiuso Pesado com Cabo de 40 cm,Acessórios,CMIRM400,,product-1949,
2320,Raspador multiuso Pesado com Cabo Plástico de 10 cm,Acessórios,CMIRM100,,product-1783,
2330,"Raspador Pesado c/ Cabo de 1,40 m",Acessórios,CMIRM150,,product-1957,
2340,Refil Aplicador de Cera Finish 40 cm - Microfibra - RF400,,CMIRF400,,product-1583,
2350,Refil Mop Líquido linha Microfibra Acqua Amarelo,,CMIRLM4AM,,product-1931,
2360,Refil Mop Líquido linha Microfibra Acqua Azul,,CMIRLM4AZ,,product-1933,
2370,Refil Mop Líquido linha Microfibra Acqua Branco,,CMIRLM4BR,,product-1973,
2380,Refil Mop Líquido linha Microfibra Acqua Verde,,CMIRLM4VD,,product-1975,
2390,Refil Mop Líquido linha Microfibra Acqua Vermelho,,CMIRLM4VM,,product-1937,
2400,Refil Mop Líquido Ponta c/ Loop 320g - RL32xx,,CMIRL32xx,,product-255,
2410,Refil Mop Líquido Ponta c/ Loop 400g,,CMIRL40xx,,product-1167,
2420,Refil Mop Líquido Ponta c/ Loop s/ cinta 300g,,CMIRL30xx,,product-1187,
2430,Refil Mop Líquido Ponta c/ Loop s/ cinta 350g - RL35xx,,CMIRL35xx,,product-259,
2440,Refil Mop Úmido p/ Mop Pró (s/cabo/sup) BR,MOP / Variedades,CMI380005,,product-1805,
2450,Refil Mopinho - Mop Algodão com Encaixe de Rosca,,CMIBR32AZ,,product-1879,
2460,Refil Plástico para Embalador de Guarda-Chuva - 2253,Dispensers / Dispenser Plástico,CMI2253,,product-425,
2470,Reservatório Dispenser de Sabonete Líquido C19120,Dispensers / Sabonete Líquido,CMIC19120,,product-81,
2480,Reservatório p/ Saboneteira Espuma,Dispensers / Sabonete Líquido / Sabonete Espuma / Dispenser Plástico,CMIC19121,,product-267,
2490,Rodas / Rodízio Giratório p/ Balde Espremedor/ Carro Funcional Pacote c/4 Unidades RD3PRO,Acessórios para Reposição,CMIRD3PRO,,product-1785,
2500,Rodo Combinado Limpa Vidros 25cm com Cabo 60cm,Equipamentos de Limpeza / Rodo Limpa Vidros,CMICB250,,product-1935,
2510,Rodo Combinado Limpa Vidros sem Cabo,Equipamentos de Limpeza / Rodo Limpa Vidros,CMICB,,product-1355,
2520,Rodo Profissional Twister s/ cabo - RT450,Variedades,CMIRT450,,product-1581,
2530,"Rodo Propulsor 0,9 m - RL090",Variedades,CMIRL090,,product-1409,
2540,"Rodo Propulsor 1,3 m - RL130",Variedades,CMIRL130,,product-289,
2550,Saboneteira 1000ml Inox ESCOVADO Linha Visium,Dispensers / Sabonete Líquido / Dispenser Inox,CMI1345,,product-2167,
2560,Saboneteira 1000ml Inox POLIDO Linha Visium,Dispensers / Sabonete Líquido / Dispenser Inox,CMI1010,,product-383,
2570,Saboneteira 500ml Inox ESCOVADO Linha Visium,Dispensers / Sabonete Líquido / Dispenser Inox,CMI1344,,product-2149,
2580,Saboneteira 500ml Inox POLIDO Linha Visium,Dispensers / Sabonete Líquido / Dispenser Inox,CMI1011,,product-1629,
2590,Saboneteira 700ml plástico automática com sensor,Dispensers / Sabonete Líquido / Dispenser Plástico,CMI12.07,,product-1627,
2600,Saboneteira 800ml Espuma - Linha Hígia,Dispensers / Sabonete Espuma / Dispenser Plástico,CMI5799,,product-2163,
2610,Saboneteira 800ml Inox ESCOVADO - Linha Noble,Dispensers / Sabonete Líquido / Dispenser Inox,CMI1016,,product-1625,
2620,Saboneteira 800ml para sabonete líquido - Linha AG+,Dispensers / Sabonete Líquido / Dispenser Plástico,CMI1102,,product-413,
2630,Saboneteira 800ml para sabonete líquido - Linha Hígia,Dispensers / Sabonete Líquido / Dispenser Plástico,CMI5800,,product-2145,
2640,Saboneteira 800ml SLIM Inox ESCOVADO - Linha Noble,Dispensers / Sabonete Líquido / Dispenser Inox,CMI1060,,product-361,
2650,Saboneteira Clear Reservatório Próprio 1000ml,Sabonete Líquido,CMILICL1000,,product-1375,
2660,Saboneteira espuma 1000ml Inox ESCOVADO Linha Visium,Dispensers / Sabonete Espuma,CMI5705,,product-2197,
2670,Saboneteira espuma 1000ml Inox POLIDO Linha Visium,Dispensers / Sabonete Espuma,CMI5704,,product-2199,
2680,Saboneteira Espuma 900ml com sensor Inox ESCOVADO Linha Noble,Dispensers / Sabonete Espuma,CMI1059,,product-373,
2690,Saboneteira Reservatório 400ml - Box Cloud,Sabonete Líquido,CMILISC400,,product-1719,
2700,Saboneteira Reservatório Box 400ml - Clear Black,Sabonete Líquido,CMILICL400BB,,product-1717,
2710,Secador de Mãos Aço Inox Speedy Plus,Secador de Mãos,CMI1047,,product-371,
2720,Secador de Mãos Adler,Secador de Mãos,CMI5816,,product-2205,
2730,Secador de mãos AIRES,Secador de Mãos / Dispenser Plástico,CMI2382,,product-2207,
2740,Secador De Mãos Panther Sm5a Inox,Secador de Mãos,CMI2209,,product-2209,
2750,Secador de Mãos Speedy Plástico 110v ou 220v,Secador de Mãos / Dispenser Plástico,CMI539,,product-365,
2760,Super Mop Doméstico,MOP,CMISM600,,product-245,
2770,Super Mop Profissional,MOP,CMISM700,,product-247,
2780,Suporte LT Euro Azul - Suporte limpa tudo plástico p/ fibra,Acessórios,CMISE301,,product-1567,
2790,Suporte LT Rosca,Acessórios,CMISR300,,product-1569,
2800,Suporte para Fibra de Limpeza Ultra Pesada,Acessórios,CMISM302,,product-1573,
2810,Tampa Aro - AR24,Acessórios / Tampas / Lixeiras Plástico,CMIAR24,,product-1537,
2820,Tampa Aro Inox 24cm - MSP363,Acessórios / Tampas / Lixeiras Inox,CMIMSP363,,product-1857,
2830,Tampa Aro Inox 30cm - MSP366,Acessórios / Tampas / Lixeiras Inox,CMIMSP366,,product-1885,
2840,Tampa Basc. p/ Cesto 14/23 Lts,Acessórios / Tampas / Lixeiras Plástico,CMITB24,,product-1529,
2850,Tampa Basculante Frontal p/ Lixeira Retangular de 50 Lts - TB50,Acessórios / Tampas / Lixeiras Plástico,CMITB50,,product-1531,
2860,Tampa Basculante Transversal para Lixeira Retangular de 50 Lts,Acessórios / Tampas / Lixeiras Plástico,CMITB51,,product-157,
2870,Tampa Bi Partida para Carro Cuba,Acessórios / Carro Cuba / Tampas,CMIET,,product-2055,
2880,Tampa Flip Top Basculante inox 24cm,Acessórios / Tampas / Lixeiras Inox,CMIMSP288,,product-1853,
2890,Tampa Flip Top Basculante inox 30cm,Acessórios / Tampas / Lixeiras Inox,CMIMSP289,,product-1855,
2900,Tampa Meia Lua para Cesto 14/23 Litros,Acessórios / Tampas / Lixeiras Plástico,CMITB25X,,product-1611,
2910,Tampa para Carro Cuba de 400L,Acessórios / Carro Cuba / Tampas,CMICT40,,product-197,
2920,Tampa Simples p/ Lixeira Retangular de 50 Lts,Acessórios / Tampas / Lixeiras Plástico,CMITS50,,product-139,
2930,Toalheiro Americano Júnior 3D p/ interf. em Aço c/ Pintura Epoxi Branco - 2027E,Dispensers / Papel Toalha Interfolhado / Dispenser Inox,CMITAP2027E,,product-1411,
2940,Toalheiro Americano Júnior 3D p/ interf. em Aço Inox - 2027I,Dispensers / Papel Toalha Interfolhado / Dispenser Inox,CMITAP2027I,,product-1413,
2950,Toalheiro Americano p/ Papel 3 Dobras em Aço c/ Pintura Epoxi - TAG2327E,Dispensers / Papel Toalha Interfolhado / Dispenser Inox,CMITAG2327E,,product-349,
2960,Toalheiro Americano p/ Papel 3 Dobras em Aço Inox - TAG2327I,Dispensers / Papel Toalha Interfolhado / Dispenser Inox,CMITAG2327I,,product-347,
2970,Toalheiro Papel Toalha Bobina Aço Inox ESCOVADO - Linha Noble,Dispensers / Papel Toalha Bobina / Dispenser Inox,CMI1027,,product-1759,
2980,Toalheiro Papel Toalha Bobina Alavanca - Linha Inova,Dispensers / Papel Toalha Bobina / Dispenser Plástico,CMI1055,,product-2045,
2990,Toalheiro Papel Toalha Interfolhado - Linha AG+,Dispensers / Papel Toalha Interfolhado / Dispenser Plástico,CMI1070,,product-411,
3000,Toalheiro Papel Toalha Interfolhado - Linha Hígia,Dispensers / Papel Toalha Interfolhado / Dispenser Plástico,CMI6000,,product-2147,
3010,Toalheiro Papel Toalha Interfolhado Aço Inox ESCOVADO - Linha Noble,Dispensers / Papel Toalha Interfolhado / Dispenser Inox,CMI1029,,product-357,
3020,Toalheiro Papel Toalha Interfolhado Aço Inox ESCOVADO - Linha Quadra,Dispensers / Papel Toalha Interfolhado / Dispenser Inox,CMI5488,,product-2169,
3030,Toalheiro Papel Toalha Interfolhado Aço Inox ESCOVADO - Linha Visium,Dispensers / Papel Toalha Interfolhado / Dispenser Inox,CMI13.05,,product-2165,
3040,Toalheiro Papel Toalha Interfolhado Aço Inox POLIDO - Linha Quadra,Dispensers / Papel Toalha Interfolhado / Dispenser Inox,CMI5470,,product-2175,
3050,Toalheiro Papel Toalha Interfolhado em Aço Inox POLIDO - Linha Visium,Dispensers / Papel Toalha Interfolhado / Dispenser Inox,CMI13.01,,product-403,
3060,Toalheiro Papel Toalha Interfolhado Paper Pop - Linha POP,Dispensers / Papel Toalha Interfolhado / Dispenser Plástico,CMI2403 2501,,product-421,
3070,Toalheiro para Papel Toalha Interfolhado em Aço Inox LINHA IDEAL,Dispensers / Papel Toalha Interfolhado / Dispenser Inox,CMI833,,product-417,
